{"cameraMode":{"drawMode":0,"name":"Shaded","section":"Shading Mode"},"sceneLighting":true,"audioPlay":false,"sceneViewState":{"m_AlwaysRefresh":false,"showFog":true,"showSkybox":true,"showFlares":true,"showImageEffects":true,"showParticleSystems":true,"showVisualEffectGraphs":true,"m_FxEnabled":true},"in2DMode":false,"pivot":{"x":662.5520629882813,"y":459.34832763671877,"z":904.1760864257813},"rotation":{"x":0.015189317986369133,"y":-0.9844263195991516,"z":0.13712985813617707,"w":0.10971691459417343},"size":12.12435531616211,"orthographic":false}